{
  "diabetes": {
    "disease": "diabetes",
    "best_model": "Bagging",
    "accuracy": 0.7760416666666666,
    "precision": 0.6714285714285714,
    "recall": 0.7014925373134329,
    "f1": 0.6861313868613139,
    "roc_auc": 0.829492537313433,
    "features": [
      "Pregnancies",
      "Glucose",
      "BloodPressure",
      "SkinThickness",
      "Insulin",
      "BMI",
      "DiabetesPedigreeFunction",
      "Age"
    ],
    "n_features": 8,
    "n_samples": 768,
    "trained_at": "2026-04-10T00:22:30.471146",
    "all_models": {
      "Logistic Regression": {
        "accuracy": 0.7395833333333334,
        "precision": 0.6133333333333333,
        "recall": 0.6865671641791045,
        "f1": 0.647887323943662,
        "roc_auc": 0.8328358208955224
      },
      "Decision Tree": {
        "accuracy": 0.6927083333333334,
        "precision": 0.5666666666666667,
        "recall": 0.5074626865671642,
        "f1": 0.5354330708661418,
        "roc_auc": 0.6497313432835822
      },
      "Random Forest": {
        "accuracy": 0.734375,
        "precision": 0.6176470588235294,
        "recall": 0.6268656716417911,
        "f1": 0.6222222222222222,
        "roc_auc": 0.8286567164179105
      },
      "KNN": {
        "accuracy": 0.671875,
        "precision": 0.5232558139534884,
        "recall": 0.6716417910447762,
        "f1": 0.5882352941176471,
        "roc_auc": 0.7179701492537314
      },
      "Naive Bayes": {
        "accuracy": 0.734375,
        "precision": 0.6,
        "recall": 0.7164179104477612,
        "f1": 0.6530612244897959,
        "roc_auc": 0.7935522388059701
      },
      "SVM": {
        "accuracy": 0.7291666666666666,
        "precision": 0.5925925925925926,
        "recall": 0.7164179104477612,
        "f1": 0.6486486486486487,
        "roc_auc": 0.8022089552238806
      },
      "AdaBoost": {
        "accuracy": 0.75,
        "precision": 0.6461538461538462,
        "recall": 0.6268656716417911,
        "f1": 0.6363636363636364,
        "roc_auc": 0.8217313432835821
      },
      "Bagging": {
        "accuracy": 0.7760416666666666,
        "precision": 0.6714285714285714,
        "recall": 0.7014925373134329,
        "f1": 0.6861313868613139,
        "roc_auc": 0.829492537313433
      },
      "XGBoost": {
        "accuracy": 0.7552083333333334,
        "precision": 0.6428571428571429,
        "recall": 0.6716417910447762,
        "f1": 0.656934306569343,
        "roc_auc": 0.810865671641791
      },
      "Voting": {
        "accuracy": 0.7447916666666666,
        "precision": 0.6323529411764706,
        "recall": 0.6417910447761194,
        "f1": 0.6370370370370371,
        "roc_auc": 0.8408358208955223
      },
      "Stacking": {
        "accuracy": 0.7552083333333334,
        "precision": 0.6428571428571429,
        "recall": 0.6716417910447762,
        "f1": 0.656934306569343,
        "roc_auc": 0.8069253731343284
      }
    }
  },
  "heart": {
    "disease": "heart",
    "best_model": "Random Forest",
    "accuracy": 0.7894736842105263,
    "precision": 0.7659574468085106,
    "recall": 0.8780487804878049,
    "f1": 0.8181818181818182,
    "roc_auc": 0.8905923344947735,
    "features": [
      "age",
      "sex",
      "cp",
      "trestbps",
      "chol",
      "fbs",
      "restecg",
      "thalach",
      "exang",
      "oldpeak",
      "slope",
      "ca",
      "thal"
    ],
    "n_features": 13,
    "n_samples": 303,
    "trained_at": "2026-04-10T00:22:34.605654",
    "all_models": {
      "Logistic Regression": {
        "accuracy": 0.7631578947368421,
        "precision": 0.7446808510638298,
        "recall": 0.8536585365853658,
        "f1": 0.7954545454545454,
        "roc_auc": 0.8508710801393727
      },
      "Decision Tree": {
        "accuracy": 0.6447368421052632,
        "precision": 0.675,
        "recall": 0.6585365853658537,
        "f1": 0.6666666666666666,
        "roc_auc": 0.6435540069686412
      },
      "Random Forest": {
        "accuracy": 0.7894736842105263,
        "precision": 0.7659574468085106,
        "recall": 0.8780487804878049,
        "f1": 0.8181818181818182,
        "roc_auc": 0.8905923344947735
      },
      "KNN": {
        "accuracy": 0.7763157894736842,
        "precision": 0.7727272727272727,
        "recall": 0.8292682926829268,
        "f1": 0.8,
        "roc_auc": 0.8491289198606271
      },
      "Naive Bayes": {
        "accuracy": 0.7763157894736842,
        "precision": 0.7608695652173914,
        "recall": 0.8536585365853658,
        "f1": 0.8045977011494253,
        "roc_auc": 0.845993031358885
      },
      "SVM": {
        "accuracy": 0.7631578947368421,
        "precision": 0.7674418604651163,
        "recall": 0.8048780487804879,
        "f1": 0.7857142857142857,
        "roc_auc": 0.8452961672473868
      },
      "AdaBoost": {
        "accuracy": 0.7236842105263158,
        "precision": 0.7272727272727273,
        "recall": 0.7804878048780488,
        "f1": 0.7529411764705882,
        "roc_auc": 0.8341463414634147
      },
      "Bagging": {
        "accuracy": 0.75,
        "precision": 0.7291666666666666,
        "recall": 0.8536585365853658,
        "f1": 0.7865168539325843,
        "roc_auc": 0.8390243902439024
      },
      "XGBoost": {
        "accuracy": 0.75,
        "precision": 0.7291666666666666,
        "recall": 0.8536585365853658,
        "f1": 0.7865168539325843,
        "roc_auc": 0.8508710801393728
      },
      "Voting": {
        "accuracy": 0.75,
        "precision": 0.75,
        "recall": 0.8048780487804879,
        "f1": 0.7764705882352941,
        "roc_auc": 0.8655052264808363
      },
      "Stacking": {
        "accuracy": 0.7631578947368421,
        "precision": 0.7555555555555555,
        "recall": 0.8292682926829268,
        "f1": 0.7906976744186046,
        "roc_auc": 0.862020905923345
      }
    }
  },
  "parkinsons": {
    "disease": "parkinsons",
    "best_model": "Voting",
    "accuracy": 0.9387755102040817,
    "precision": 0.9722222222222222,
    "recall": 0.9459459459459459,
    "f1": 0.958904109589041,
    "roc_auc": 0.972972972972973,
    "features": [
      "MDVP:Fo(Hz)",
      "MDVP:Fhi(Hz)",
      "MDVP:Flo(Hz)",
      "MDVP:Jitter(%)",
      "MDVP:Jitter(Abs)",
      "MDVP:RAP",
      "MDVP:PPQ",
      "Jitter:DDP",
      "MDVP:Shimmer",
      "MDVP:Shimmer(dB)",
      "Shimmer:APQ3",
      "Shimmer:APQ5",
      "MDVP:APQ",
      "Shimmer:DDA",
      "NHR",
      "HNR",
      "RPDE",
      "DFA",
      "spread1",
      "spread2",
      "D2",
      "PPE"
    ],
    "n_features": 22,
    "n_samples": 195,
    "trained_at": "2026-04-10T00:22:39.162049",
    "all_models": {
      "Logistic Regression": {
        "accuracy": 0.7959183673469388,
        "precision": 0.9655172413793104,
        "recall": 0.7567567567567568,
        "f1": 0.8484848484848485,
        "roc_auc": 0.9436936936936938
      },
      "Decision Tree": {
        "accuracy": 0.8163265306122449,
        "precision": 0.9117647058823529,
        "recall": 0.8378378378378378,
        "f1": 0.8732394366197183,
        "roc_auc": 0.7939189189189189
      },
      "Random Forest": {
        "accuracy": 0.8571428571428571,
        "precision": 0.9411764705882353,
        "recall": 0.8648648648648649,
        "f1": 0.9014084507042254,
        "roc_auc": 0.9572072072072072
      },
      "KNN": {
        "accuracy": 0.8979591836734694,
        "precision": 0.9705882352941176,
        "recall": 0.8918918918918919,
        "f1": 0.9295774647887324,
        "roc_auc": 0.9752252252252251
      },
      "Naive Bayes": {
        "accuracy": 0.6326530612244898,
        "precision": 0.9523809523809523,
        "recall": 0.5405405405405406,
        "f1": 0.6896551724137931,
        "roc_auc": 0.8806306306306306
      },
      "SVM": {
        "accuracy": 0.8571428571428571,
        "precision": 1.0,
        "recall": 0.8108108108108109,
        "f1": 0.8955223880597015,
        "roc_auc": 0.9527027027027027
      },